pymotw.com/2/csv/,pymotw.html
pymotw.com/2/csv/,pymotw.html
elixirdose.com,elixirdose.html
elixirdose.com,elixirdose.html
https://medium.com/@rizafahmi22,medium.html
http://elixirdose.com,elixirdose.html
http://elixirdose.com/post/building-a-simple-stream-media-app,elixirdose.html
https://medium.com/startup-study-group/how-i-met-10-entrepreneurs-in-asia-and-what-can-we-learn-from-them-f0193b632176#.yqc2nvyug,medium.html
http://elm-lang.org,elm-lang.html
https://systembash.com/a-simple-java-udp-server-and-udp-client/,systembash.html
http://elm-lang.org,elm-lang.html
http://impythonist.wordpress.com/2015/10/31/building-your-own-url-shortening-service-with-python-and-flask/,impythonist.html
http://impythonist.wordpress.com/2015/10/31/building-your-own-url-shortening-service-with-python-and-flask/,impythonist.html
http://impythonist.wordpress.com/2015/10/31/building-your-own-url-shortening-service-with-python-and-flask/,impythonist.html
https://www.indigenous.io/page/blog/the-dos-and-donts-of-email-subject-lines,www.html
https://systembash.com/a-simple-java-udp-server-and-udp-client/,systembash.html
https://systembash.com/a-simple-java-udp-server-and-udp-client/,systembash.html
http://elixirdose.com/post/building-a-simple-stream-media-app,elixirdose.html
http://semantic-ui.com/elements/segment.html,semantic-ui.html
